assail the,1
buy all the,1
carve on the,1
catch all the,1
connect with the,1
copy the,1
dive under the,1
drop into the,1
drop off the,1
dry the,1
feel in the,1
fill with the,1
flash the,1
fly across the,1
fly in the,1
fry the,1
get down the,1
harvest the,1
hide by the,1
jerk the,1
join the,1
lay down the,1
look over the,1
make the,1
meet the,1
rob the,1
rouse the,1
rub away the,1
scratch the,1
sweep up the,1
tear down the,1
tear off the,1
trim the,1
apply to the,2
await the,2
bless the,2
combine the,2
cool the,2
cover with the,2
crash the,2
creep out of the,2
cut away the,2
damage the,2
dance to the,2
darken the,2
demand the,2
dicker with the,2
dip in the,2
disconnect the,2
disentangle the,2
disinfect the,2
disrupt the,2
drill through the,2
drink up the,2
drive to the,2
eat from the,2
encourage the,2
entertain the,2
erase from the,2
fall into the,2
film the,2
float in the,2
flood the,2
gather the,2
gather up the,2
hold down the,2
hold to the,2
hunt in the,2
hunt the,2
hurl the,2
incline the,2
kneel on the,2
knife the,2
knock down the,2
knock the,2
lay the,2
leap off the,2
make use of the,2
modify the,2
pay for the,2
pay the,2
roll down the,2
run around the,2
scrub the,2
sew the,2
thank the,2
tickle the,2
tie to the,2
aim at the,3
approach the,3
argue with the,3
attend the,3
avoid the,3
blind the,3
break in the,3
brush the,3
build up the,3
cast out the,3
cleanse the,3
clothe the,3
clutch the,3
command the,3
confine the,3
confront the,3
conquer the,3
count the,3
creep along the,3
cross the,3
demolish the,3
deposit the,3
depress the,3
destroy the,3
devour the,3
dig in the,3
drape with the,3
draw the,3
dress the,3
drown the,3
dust the,3
eat at the,3
encircle the,3
enclose the,3
exchange the,3
execute the,3
exhale the,3
extricate the,3
fall off the,3
fasten to the,3
fell the,3
finish the,3
fire at the,3
float down the,3
float on the,3
float the,3
fly over the,3
get hold of the,3
hand him the,3
help the,3
hold the,3
jump into the,3
kiss the,3
lay down in the,3
lay in the,3
lay upon the,3
lean against the,3
lean over the,3
lie under the,3
light up the,3
look around the,3
mine the,3
moisten the,3
mow the,3
muzzle the,3
pave the,3
pick the,3
pierce the,3
pull up the,3
salute the,3
scream at the,3
sign the,3
sink the,3
sit down by the,3
slap the,3
slide off the,3
smash the,3
solve the,3
sort the,3
splash the,3
spread the,3
step behind the,3
step over the,3
stick the,3
stretch the,3
stroke the,3
uncork the,3
walk along the,3
walk the,3
walk upon the,3
weigh the,3
wipe the,3
wire the,3
wrap the,3
write the,3
address the,4
aid the,4
apply the,4
arrange the,4
ask for the,4
assist the,4
attach the,4
awake the,4
back away from the,4
balance the,4
bandage the,4
block the,4
break up the,4
breathe in the,4
build the,4
charge the,4
chop down the,4
circle the,4
clear the,4
connect the,4
connect to the,4
construct the,4
consult the,4
cross over the,4
crouch down under the,4
dance on the,4
defend the,4
descend to the,4
detach from the,4
detach the,4
dim the,4
display the,4
douse the,4
eat some of the,4
embrace the,4
examine one of the,4
expand the,4
feel the,4
fold up the,4
follow the,4
get to the,4
hang the,4
hitch the,4
hug the,4
hurt the,4
inhale the,4
invoke the,4
kick the,4
lean on the,4
leap on the,4
lift the,4
lift up the,4
look out the,4
loosen the,4
milk the,4
mop the,4
oil the,4
open up the,4
pack the,4
paint on the,4
pat the,4
peruse the,4
pick up the,4
play with the,4
pour the,4
print the,4
pursue the,4
rebuild the,4
recline on the,4
rewind the,4
row up the,4
rub the,4
save the,4
shake the,4
sharpen the,4
shovel the,4
sit by the,4
smell the,4
sow the,4
spill the,4
spray the,4
squeeze the,4
stamp the,4
stand in the,4
stand under the,4
step away from the,4
stone the,4
sweep the,4
swim the,4
swing in the,4
talk to the,4
tap the,4
throw the,4
tie the,4
try the,4
unhook the,4
unmask the,4
walk across the,4
walk to the,4
warm the,4
weed the,4
wring the,4
write in the,4
accept the,5
activate the,5
ask the,5
awaken the,5
bang the,5
bathe the,5
break down the,5
break loose from the,5
break off the,5
break through the,5
breathe on the,5
breathe the,5
burnish the,5
bury the,5
call the,5
call to the,5
change the,5
chase the,5
communicate with the,5
conceal the,5
crown the,5
cut off the,5
descend from the,5
descend the,5
dig the,5
divide the,5
drill the,5
eat one of the,5
empty out the,5
empty the,5
excavate the,5
extend the,5
extract the,5
fill in the,5
fill the,5
fit into the,5
get aboard the,5
get through the,5
give her the,5
give him the,5
grab the,5
grasp the,5
insert the,5
jump off the,5
kill all the,5
kneel at the,5
knot the,5
launch the,5
leap from the,5
leap into the,5
leap over the,5
manipulate the,5
mount the,5
nail the,5
peel the,5
pluck the,5
pound the,5
press on the,5
purchase the,5
rake the,5
roll up the,5
row the,5
sell the,5
sew up the,5
shove the,5
sip the,5
sit under the,5
slide down the,5
smoke the,5
speak to the,5
squirt the,5
stab the,5
stack the,5
stand at the,5
stand behind the,5
step into the,5
taste the,5
try on the,5
wash the,5
write on the,5
ascend the,6
blow up the,6
brandish the,6
break into the,6
break the,6
burn up the,6
buy the,6
carry the,6
chat with the,6
chop off the,6
clean off the,6
clean out the,6
clean the,6
clean up the,6
collect all the,6
collect the,6
cut the,6
dive into the,6
drain the,6
drink out of the,6
escape from the,6
expose the,6
figure out the,6
fill up the,6
fire the,6
get behind the,6
get up the,6
grip the,6
hang from the,6
heat the,6
hide behind the,6
hide under the,6
hit the,6
hold up the,6
honk the,6
illuminate the,6
jump on the,6
kill the,6
kindle the,6
listen to the,6
look through the,6
loose the,6
plant the,6
plug the,6
practice the,6
punch the,6
sit at the,6
slay the,6
stir the,6
swing the,6
uncover the,6
unfold the,6
unravel the,6
unseal the,6
vanquish the,6
wake up the,6
walk down the,6
walk out of the,6
walk over the,6
walk through the,6
walk up the,6
water the,6
wield the,6
burn the,7
choke the,7
close up the,7
drive the,7
escape the,7
fasten the,7
get inside the,7
get into the,7
jump out of the,7
lay down on the,7
lay on the,7
pump water from the,7
reach in the,7
repair the,7
roll the,7
run the,7
sail the,7
set up the,7
sit down on the,7
spin the,7
split the,7
step on the,7
swallow the,7
turn the,7
turn up the,7
wake the,7
walk around the,7
walk into the,7
walk on the,7
wave the,7
answer the,8
attack the,8
bathe in the,8
beat on the,8
beat the,8
beat up the,8
bend the,8
bet on the,8
bite the,8
board the,8
bolt the,8
bounce on the,8
break out of the,8
capture the,8
cast the,8
catch the,8
click the,8
climb down the,8
climb into the,8
climb on the,8
climb out of the,8
climb over the,8
climb the,8
climb to the,8
climb up the,8
climb up to the,8
cling to the,8
close the,8
consume the,8
cook the,8
cover the,8
crack the,8
crawl into the,8
crawl out of the,8
crawl through the,8
crush the,8
cut down the,8
don the,8
drag the,8
drink the,8
drop the,8
eat the,8
enter the,8
exit the,8
explore the,8
extinguish the,8
feed the,8
fight the,8
fix the,8
flush the,8
fly the,8
fold the,8
get in the,8
get off the,8
get on the,8
get out of the,8
get the,8
get under the,8
get up from the,8
ignite the,8
inflate the,8
knock on the,8
light the,8
lock the,8
look behind the,8
look down into the,8
look in the,8
look inside the,8
look into the,8
look under the,8
lower the,8
move the,8
open the,8
operate the,8
play the,8
press the,8
pull the,8
push the,8
raise the,8
read the,8
ride the,8
shut off the,8
shut the,8
sit in the,8
sit on the,8
stand on the,8
start the,8
start up the,8
stop the,8
strike the,8
switch off the,8
switch on the,8
turn off the,8
turn on the,8
turn over the,8
unlock the,8
untie the,8
unwind the,8
unwrap the,8
wear the,8
wind the,8
worship the,8
