felt the alien,0
insult the alien,7
sham the alien,0
mid the alien,0
hatred of the alien,0
fell under the alien,0
hitch to the alien,0
give off the alien,0
get the amulet,8
find the amulet,6
take the amulet,8
ask the amulet,1
touch the amulet,7
till the amulet,0
mention the amulet,0
suppose the amulet,0
play with the amulet,1
look for the amulet,4
snatch the amulet,3
hold up the amulet,5
wonder whether the amulet,0
lose half of the amulet,0
find half the amulet,0
'hold up the amulet,0
'take the amulet,0
drop the anchor,8
get the anchor,5
weigh the anchor,4
lift the anchor,8
prevent the anchor,0
keep the anchor,0
leave the anchor,2
order the anchor,0
hold the anchor,5
catch the anchor,0
lose the anchor,2
clear the anchor,0
stand the anchor,0
carry the anchor,6
till the anchor,0
hail the anchor,0
pick up the anchor,3
satisfy the anchor,0
tighten the anchor,0
haul the anchor,8
attach to the anchor,1
pull up the anchor,8
lie at the anchor,0
pull on the anchor,3
scour the anchor,2
draw up the anchor,8
heave the anchor,7
tell as the anchor,0
impale by the anchor,0
hawls the anchor,0
get the axe,8
wield the axe,8
swing the axe,8
welcome the axe,0
give the axe,2
touch the axe,0
use the axe,8
take the axe,8
throw the axe,8
bring the axe,5
meet the axe,0
make the axe,0
look at the axe,8
put the axe,0
consider the axe,0
hold the axe,3
catch the axe,0
return the axe,2
round the axe,0
raise the axe,7
exchange the axe,1
carry the axe,1
pull the axe,1
lift the axe,5
till the axe,0
strike the axe,0
secure the axe,0
earn the axe,0
felt the axe,0
root the axe,0
clutch the bag,3
get the bag,8
hold the bag,4
put it in the bag,7
make the bag,0
fill the bag,4
open the bag,8
find the bag,1
pass the bag,0
carry the bag,3
take the bag,8
empty the bag,8
shake the bag,8
put the bag,5
bite the bag,0
drop the bag,8
keep the bag,3
place the bag,1
cover the bag,1
remove the bag,2
touch the bag,0
hide the bag,6
give the bag,1
get out of the bag,3
search the bag,8
call the bag,0
say the bag,0
bring the bag,1
centre the bag,0
look at the bag,3
hit the ball,8
get the ball,8
drop the ball,8
throw the ball,8
keep the ball,3
catch the ball,8
kick the ball,8
find the ball,3
take the ball,8
watch the ball,3
put the ball,2
snap the ball,2
drive the ball,0
roll the ball,8
touch the ball,2
give the ball,1
make the ball,0
hold the ball,3
start the ball,0
turn the ball,2
remove the ball,1
stop the ball,5
follow the ball,5
toss the ball,8
draw the ball,0
set the ball,2
grip the ball,3
bring the ball,2
strike the ball,8
fetch the ball,6
fill the balloon,3
make the balloon,0
get the balloon,8
inflate the balloon,8
bring the balloon,5
hold the balloon,4
save the balloon,1
take the balloon,8
escape from the balloon,3
keep the balloon,3
use the balloon,4
find the balloon,3
repair the balloon,7
remove the balloon,1
leave the balloon,2
watch the balloon,2
stop the balloon,2
work the balloon,0
enter the balloon,1
call the balloon,0
describe the balloon,0
test the balloon,4
start the balloon,1
give the balloon,3
end the balloon,0
hit the balloon,5
order the balloon,0
move the balloon,5
cause the balloon,0
purchase the balloon,7
raise the bar,8
pass the bar,2
take the bar,4
call to the bar,0
study for the bar,1
use the bar,5
leave the bar,0
get the bar,7
prepare for the bar,0
remove the bar,7
drop the bar,8
keep the bar,3
make the bar,0
move the bar,6
adjust the bar,2
cross the bar,1
come to the bar,0
run the bar,0
own the bar,0
find the bar,1
return to the bar,0
pitch the bar,0
reach the bar,1
remember the bar,0
enter the bar,8
practice at the bar,0
wait at the bar,7
complete the bar,0
fix the bar,1
head for the bar,7
make the basket,1
fill the basket,8
get the basket,8
take the basket,8
keep the basket,2
put the basket,2
find the basket,1
show the basket,1
get into the basket,8
open the basket,8
give the basket,5
leave the basket,2
cover the basket,4
bring the basket,3
present the basket,2
try the basket,0
hold the basket,6
look into the basket,8
extract from the basket,7
catch the basket,3
draw the basket,0
touch the basket,1
return the basket,1
say to the basket,0
come out of the basket,6
mark the basket,0
lose the basket,1
hide the basket,7
pack the basket,6
hand the basket,3
cast out the beam,1
kick the beam,2
take the beam,7
cast the beam,3
find the beam,2
tell the beam,0
catch the beam,1
point the beam,7
attack the beam,0
touch the beam,1
approach the beam,1
round the beam,0
reflect the beam,1
face on the beam,0
shed the beam,0
fell the beam,0
tear down the beam,2
instant the beam,0
pull down the beam,3
cling to the beam,6
smite the beam,6
hang from the beam,7
hold before the beam,6
dangle from the beam,5
get the bear,0
kill the bear,8
ask the bear,2
meet the bear,1
play the bear,0
release the bear,0
shake the bear,6
make the bear,0
find the bear,5
take the bear,2
keep the bear,1
run the bear,3
set the bear,1
look for the bear,1
catch the bear,1
leave the bear,2
call the bear,0
face the bear,6
den the bear,0
say the bear,0
skin the bear,7
walk the bear,0
put the bear,5
hind the bear,0
start the bear,0
bring the bear,0
drive the bear,4
consider the bear,0
come the bear,0
tell the bear,1
make shakes in the blender,8
walk around the block,4
round the block,3
enter the block,1
circle the block,2
bring the block,2
cover the block,1
line the block,0
fall on the block,2
come the block,0
remain on the block,1
approach the block,2
examine the block,8
resume the block,0
skirt the block,1
take up the block,5
lead to the block,1
surround the block,0
knock the block,3
melt the block,2
suspend the block,1
live down the block,0
push from the block,1
scour the block,1
fasten on the block,2
consecrate the block,2
sentence to the block,0
wash out the block,0
dispatch to the block,0
recall to the block,0
contain in the block,0
rock the boat,8
row the boat,8
push the boat,8
get the boat,7
get on the boat,8
follow the boat,6
make the boat,0
take the boat,6
get in the boat,8
watch the boat,3
bring the boat,4
put the boat,3
keep the boat,1
find the boat,2
leave the boat,8
note in the boat,0
try the boat,0
launch the boat,8
steer the boat,8
pull the boat,7
store the boat,2
beach the boat,7
save the boat,1
trim the boat,2
pass the boat,0
catch the boat,0
set the boat,0
carry the boat,2
send the boat,1
run the boat,0
buy the book,6
read the book,8
write the book,2
get the book,8
kiss the book,2
find the book,1
throw the book,3
close the book,8
open the book,8
study in the book,1
put the book,3
return the book,5
make the book,0
sign the book,7
take the book,8
place the book,4
follow the book,2
learn from the book,3
give the book,4
bring the book,3
finish the book,5
say the book,0
want the book,0
hope the book,0
burn the book,7
publish the book,3
print the book,3
say in the book,0
leave the book,2
remember the book,1
break the bottle,8
open the bottle,8
take the bottle,8
pass the bottle,7
put the bottle,7
leave the bottle,6
shake the bottle,8
find the bottle,4
hold the bottle,5
buy the bottle,6
get the bottle,8
fill the bottle,8
drop the bottle,7
finish the bottle,8
bring the bottle,3
stop the bottle,0
throw the bottle,6
swallow the bottle,2
hide the bottle,2
keep the bottle,1
love the bottle,0
watch the bottle,0
grab the bottle,4
prepare the bottle,1
remove the bottle,1
play the bottle,0
produce the bottle,0
place the bottle,4
spot the bottle,0
return the bottle,1
open the box,8
take the box,8
watch the box,3
call the box,0
push the box,6
get the box,8
unlock the box,8
make the box,0
find the box,0
fill the box,7
break the box,3
leave the box,3
keep the box,2
stay in the box,2
remove the box,3
put the box,4
look at the box,5
come out of the box,3
set the box,4
shake the box,6
replace the box,2
come in the box,0
pick the box,0
give the box,1
end the box,0
place in the box,6
jump out of the box,6
ask the box,0
cover the box,1
close the box,8
watch the boy,7
give the boy,6
meet the boy,6
get the boy,2
take the boy,3
read the boy,0
save the boy,7
tell the boy,8
put the boy,3
leave the boy,2
love the boy,2
make the boy,1
kill the boy,1
find the boy,3
call the boy,7
ask the boy,8
say to the boy,8
keep the boy,2
talk to the boy,8
believe the boy,4
say the boy,1
pass the boy,0
follow the boy,8
bring the boy,2
teach the boy,4
return the boy,0
send the boy,6
lift the boy,7
hurt the boy,1
order the boy,3
cross the bridge,8
build the bridge,7
near the bridge,0
raise the bridge,8
burn the bridge,6
show the bridge,0
destroy the bridge,5
break the bridge,1
lower the bridge,7
get the bridge,0
pass the bridge,0
find the bridge,0
clear the bridge,0
design the bridge,0
hit the bridge,1
make the bridge,0
remove the bridge,0
repair the bridge,7
till the bridge,0
man the bridge,2
call the bridge,0
work the bridge,0
defend the bridge,5
reach the bridge,1
explain the bridge,0
extend the bridge,7
leave the bridge,3
cover the bridge,0
touch the bridge,0
work on the bridge,4
fill the bucket,8
get the bucket,8
lift the bucket,8
hold the bucket,7
put the bucket,6
take the bucket,8
set the bucket,6
break the bucket,1
come the bucket,0
turn the bucket,1
get out of the bucket,8
represent the bucket,0
carry the bucket,7
demand the bucket,2
lower the bucket,7
grab the bucket,8
pick up the bucket,8
seize the bucket,8
damn the bucket,0
carry in the bucket,8
plunge the bucket,7
take up the bucket,6
fling the bucket,4
reach for the bucket,4
get up the bucket,0
drink out of the bucket,8
empty out the bucket,8
detach from the bucket,0
pass back the bucket,0
leave the building,8
enter the building,8
ii the building,0
stop the building,0
destroy the building,2
watch the building,2
make the building,0
find the building,0
exit the building,8
near the building,0
work the building,0
order the building,1
own the building,0
permit the building,0
purpose the building,1
complete the building,4
encourage the building,1
cover the building,0
sell the building,6
pass the building,2
save the building,1
promote the building,2
remember the building,0
begin the building,0
reach the building,2
prepare for the building,0
give the building,0
include the building,0
force the building,0
look for the building,1
seat on the bunk,2
lean against the bunk,4
hurry to the bunk,2
totter to the bunk,1
push the button,8
press the button,8
find the button,6
hold the button,8
touch the button,7
put the button,0
show the button,0
turn the button,0
take the button,0
form the button,0
cause the button,0
feel the button,0
drop the button,0
till the button,0
pop the button,0
twist the button,0
lay the button,0
ken the button,0
bleed the button,0
arrive the button,0
glance at the button,0
thrust the button,0
look from the button,0
relinquish the button,0
stick in the button,0
take by the button,0
follow by the button,0
carry home the button,0
suspend from the button,0
press upon the button,0
enter the cage,8
put the cage,5
return to the cage,6
shake the cage,7
open the cage,8
come out of the cage,8
leave the cage,8
find the cage,2
give the cage,0
live in the cage,0
take the cage,0
press the cage,0
break the cage,3
stand the cage,0
place the cage,0
start the cage,0
forget the cage,0
bring the cage,0
step out of the cage,6
reach the cage,0
drop the cage,3
approach the cage,4
remain in the cage,4
notice the cage,0
carry the cage,1
bring in the cage,0
seat in the cage,0
pull the cage,6
lift the cage,7
say that the cage,0
take the can,8
open the can,8
shake the can,8
buy the can,6
set the can,5
place the can,5
fill the can,7
wait for the can,0
rush the can,0
pick up the can,5
say that the can,0
seize the can,0
return with the can,0
flourish the can,0
sweat in the can,0
king to the can,0
open that the can,0
result pressure on the can,0
'take the can,0
play the card,8
get the card,8
find the card,2
show the card,4
read the card,6
put the card,2
call of the card,0
search the card,0
choose the card,2
watch the card,0
receive the card,2
set the card,4
look at the card,8
hold the card,8
take the card,8
place the card,6
present the card,5
turn the card,7
leave the card,1
round the card,0
show me the card,0
pick up the card,8
study the card,7
follow the card,1
forget the card,0
avoid the card,0
say that the card,0
write the card,0
catch the card,0
attend the card,0
make the case,1
open the case,8
read the case,6
report the case,2
apply in the case,0
state the case,0
present the case,1
take the case,8
close the case,8
consider the case,1
dismiss the case,0
study the case,2
handle the case,2
discuss the case,0
approach the case,1
refer the case,0
decide the case,0
try the case,0
investigate the case,0
explain the case,0
return the case,0
lose the case,0
find the case,0
remember the case,0
describe the case,0
put the case,2
complete the case,0
mean the case,0
call the case,0
cover the case,0
watch the cave,1
enter the cave,8
get into the cave,7
get out of the cave,8
find the cave,3
open the cave,1
return to the cave,1
leave the cave,8
come out of the cave,7
explore the cave,6
make the cave,0
show the cave,0
stay in the cave,2
end of the cave,0
discover the cave,1
emerge from the cave,7
set the cave,0
call the cave,0
kill the cave,0
spot the cave,0
step into the cave,7
reach the cave,3
turn the cave,0
cross the cave,0
come back to the cave,1
destroy the cave,1
come from the cave,0
round the cave,0
fill the cave,3
come to the cave,0
cut the cheese,8
get the cheese,8
eat the cheese,8
find the cheese,1
make the cheese,3
bring the cheese,0
remove the cheese,0
look at the cheese,6
leave the cheese,3
approach the cheese,0
concern the cheese,0
take care of the cheese,0
declare that the cheese,0
cut out of the cheese,0
reach out for the cheese,6
deceive in the cheese,0
represent by the cheese,0
dicker with the cheese,0
disinter all the cheese,0
wring down the cheese,0
open the chest,8
get the chest,7
tattoo on the chest,0
unlock the chest,8
use the chest,4
press the chest,2
cover the chest,3
touch the chest,1
keep the chest,0
examine the chest,8
join the chest,0
take the chest,3
return to the chest,0
set the chest,4
save the chest,0
enter the chest,6
discover the chest,1
get off the chest,7
form the chest,0
order the chest,0
break the chest,2
light on the chest,1
feel the chest,2
find in the chest,7
turn the chest,2
store in the chest,8
close the chest,8
look the chest,2
cross the chest,0
receive the chest,0
take the cloak,5
keep the cloak,3
place the cloak,4
give the cloak,5
leave the cloak,3
say the cloak,0
identify the cloak,2
draw the cloak,0
wear the cloak,8
drop the cloak,3
take off the cloak,8
pick up the cloak,8
raise the cloak,7
exchange the cloak,3
carry the cloak,5
lift the cloak,1
produce the cloak,0
cast the cloak,1
steal the cloak,6
throw the cloak,7
wrap the cloak,7
give me the cloak,0
assume the cloak,0
retain the cloak,1
forget about the cloak,0
take up the cloak,1
drag the cloak,3
seize the cloak,5
take out the cloak,2
come into the cloak,0
get the coat,8
make the coat,3
remove the coat,8
leave the coat,6
change the coat,6
take the coat,8
win the coat,1
put the coat,3
open the coat,0
replace the coat,0
welcome the coat,0
complete the coat,0
bring the coat,1
match the coat,1
try the coat,8
catch the coat,0
wear the coat,8
receive the coat,0
place in the coat,2
adjust the coat,5
paint the coat,0
send the coat,0
raise the coat,1
bear the coat,2
examine the coat,8
carry the coat,6
pull the coat,6
split the coat,0
reverse the coat,3
steal the coat,6
carry the coffin,0
watch the coffin,2
sit by the coffin,3
open the coffin,8
escort the coffin,0
lift the coffin,7
get the coffin,0
find the coffin,0
make the coffin,0
take the coffin,0
place in the coffin,5
get out of the coffin,8
read the coffin,3
set the coffin,0
put the coffin,0
come out of the coffin,6
place the coffin,0
forget the coffin,0
cover the coffin,4
order the coffin,0
bring the coffin,2
find in the coffin,2
mean the coffin,0
close the coffin,8
touch the coffin,7
behold the coffin,5
bear the coffin,3
begin the coffin,0
put it in the coffin,8
lie in the coffin,8
toss the coin,8
get the coin,8
take the coin,8
put the coin,8
show the coin,7
keep the coin,4
place the coin,7
leave the coin,6
want the coin,0
look at the coin,7
own the coin,1
fear the coin,0
send the coin,0
examine the coin,8
carry the coin,3
lift the coin,0
throw the coin,8
pocket the coin,8
seize the coin,2
slip the coin,0
pick up the coin,8
shorten the coin,0
pat the coin,0
grasp the coin,3
take out the coin,6
snatch the coin,6
star at the coin,0
disobey the coin,0
pay in the coin,0
collect all the coin,0
count the coins,8
collect the coins,6
make the coins,0
look at the coins,8
take the coins,8
save the coins,7
put the coins,6
give the coins,7
take all the coins,6
examine the coins,8
pocket the coins,8
slip the coins,0
pile the coins,4
rake the coins,3
confess the coins,0
hand over the coins,7
copy on the coins,0
look from the coins,0
insert on the coins,0
discover on the coins,0
rake in the coins,1
bulge with the coins,0
inscribe on the coins,0
confirm by the coins,0
'produce the coins,0
use the computer,8
get the computer,5
make the computer,0
find the computer,0
connect to the computer,3
turn off the computer,8
turn the computer,7
ask the computer,4
work on the computer,8
tell the computer,4
connect the computer,7
invent the computer,0
set the computer,1
allow the computer,0
check the computer,3
open the computer,8
run the computer,8
enter the computer,0
call the computer,0
cause the computer,0
look at the computer,7
near the computer,0
mean the computer,0
log into the computer,8
work in the computer,0
blame the computer,1
get into the computer,0
talk to the computer,4
drive the computer,0
sit at the computer,8
ask the constable,8
get the constable,6
help the constable,5
set the constable,0
remove the constable,0
call the constable,7
put the constable,0
follow the constable,8
give the constable,6
say the constable,1
order the constable,2
include the constable,0
tell the constable,6
act the constable,0
return the constable,0
report to the constable,6
behold the constable,0
please the constable,0
honor the constable,0
serve the constable,0
demand the constable,0
hat the constable,0
throw the constable,0
call to the constable,7
assault the constable,5
promise the constable,0
set by the constable,0
desire the constable,0
turn to the constable,4
fetch the constable,7
find the corridor,1
take the corridor,0
walk along the corridor,8
keep the corridor,0
enter the corridor,8
pass the corridor,6
leave the corridor,8
turn down the corridor,8
walk down the corridor,8
reach the corridor,6
find in the corridor,0
round the corridor,1
fill the corridor,3
come down the corridor,7
step out into the corridor,6
run along the corridor,8
remain in the corridor,5
examine the corridor,7
return to the corridor,7
sound in the corridor,0
pass along the corridor,1
meet in the corridor,0
seat in the corridor,0
approach in the corridor,0
come from the corridor,1
pass in the corridor,0
come to the corridor,0
come along the corridor,0
open on the corridor,0
come into the corridor,0
fill the crack,8
hear the crack,0
till the crack,0
take the crack,0
show the crack,0
enter the crack,4
fill in the crack,8
sound in the crack,0
tree the crack,0
cause the crack,0
come the crack,0
reach the crack,0
mean the crack,0
lead the crack,0
feel in the crack,1
pass through the crack,6
dose the crack,0
come from the crack,0
herald the crack,0
look through the crack,8
rifle the crack,0
perceive the crack,0
gleam in the crack,0
swear the crack,0
pleasant the crack,0
come with the crack,0
sound like the crack,0
peer into the crack,3
say through the crack,0
judge from the crack,0
get the crowbar,8
take the crowbar,8
wish the crowbar,0
flourish the crowbar,3
ply the crowbar,0
tear up with the crowbar,4
take the crown,8
win the crown,1
wear the crown,8
get the crown,8
receive the crown,2
steal the crown,8
claim the crown,8
hold the crown,7
fight for the crown,6
refuse the crown,2
try the crown,8
enjoy the crown,0
keep the crown,1
want the crown,0
ask the crown,0
break the crown,2
bring the crown,0
change the crown,0
put the crown,3
give the crown,6
regain the crown,0
dispute the crown,0
lose the crown,0
offer the crown,7
form the crown,0
return the crown,3
save the crown,1
raise the crown,6
represent the crown,0
seize the crown,8
win the cup,5
fill the cup,8
drink the cup,8
remove the cup,4
get the cup,8
take the cup,8
bring the cup,5
perfect the cup,0
lift the cup,6
want the cup,0
pass the cup,5
put down the cup,4
empty the cup,7
raise the cup,7
put the cup,5
make the cup,0
hold the cup,6
hand the cup,3
drain the cup,6
taste the cup,6
drop the cup,5
look at the cup,8
set the cup,6
bring me the cup,0
foam in the cup,0
i the cup,0
get out of the cup,0
place the cup,3
give the cup,3
order the cup,0
raise the curtain,8
look behind the curtain,8
pull back the curtain,8
pull the curtain,8
draw the curtain,8
bring down the curtain,7
lift the curtain,8
drop the curtain,8
open the curtain,8
get behind the curtain,8
till the curtain,0
lower the curtain,8
draw back the curtain,8
ring the curtain,0
fall of the curtain,0
hide behind the curtain,7
hold back the curtain,6
push back the curtain,5
replace the curtain,0
order the curtain,0
put down the curtain,0
hold the curtain,0
come the curtain,0
touch the curtain,1
pass behind the curtain,0
push the curtain,0
end behind the curtain,0
part the curtain,3
come before the curtain,0
pull down the curtain,2
draw the dagger,8
call the dagger,0
show the dagger,6
take the dagger,8
cause the dagger,0
hold the dagger,5
reach the dagger,0
hide the dagger,2
bear the dagger,0
take out the dagger,4
push the dagger,0
pick up the dagger,8
lay the dagger,3
toss the dagger,3
clutch the dagger,4
cylinder the dagger,0
employ the dagger,5
plunge the dagger,6
fling the dagger,7
throw away the dagger,2
star at the dagger,0
point to the dagger,1
place over the dagger,0
wrest the dagger,3
attempt by the dagger,0
snatch up the dagger,3
plunge in the dagger,6
furnish with the dagger,0
lay upon the dagger,1
unsheathe the dagger,7
take the dent,0
leave the dent,0
buy the diamond,7
get the diamond,8
find the diamond,0
make the diamond,0
discover the diamond,0
steal the diamond,7
capture the diamond,0
commemorate the diamond,0
win the diamond,0
give the diamond,4
take the diamond,8
cut the diamond,4
test the diamond,3
keep the diamond,1
put the diamond,3
call the diamond,0
describe the diamond,0
pass the diamond,0
leave the diamond,1
forget the diamond,0
say the diamond,0
bring the diamond,0
god the diamond,0
believe the diamond,0
wear the diamond,8
hide the diamond,3
represent the diamond,0
answer the diamond,0
send the diamond,0
blame the diamond,0
look at the dome,8
make the dome,0
take the dome,0
enter the dome,8
leave the dome,8
cover the dome,0
round the dome,4
supply the dome,0
lift the dome,0
till the dome,0
lead to the dome,0
get inside the dome,8
whack the dome,2
adorn the dome,2
ascend the dome,0
encompass the dome,0
blot the dome,0
fell from the dome,0
carry off the dome,0
gild the dome,0
place over the dome,0
plant on the dome,1
harbour in the dome,0
hang from the dome,0
set down the dome,0
fix on the dome,0
ascend into the dome,0
glitter on the dome,0
float over the dome,0
disappear behind the dome,1
open the door,8
close the door,8
shut the door,8
lock the door,8
unlock the door,8
answer the door,8
hold the door,8
knock at the door,8
get the door,2
bar the door,6
stand at the door,7
slam the door,8
leave the door,1
find the door,0
keep the door,0
look at the door,7
watch the door,6
make the door,0
enter the door,8
guard the door,7
round the door,0
show the door,0
pull the door,5
break the door,0
touch the door,3
push the door,7
face the door,6
bolt the door,7
set the door,0
put the door,0
open the doors,8
unlock the doors,8
lock the doors,8
storm the doors,1
close the doors,8
keep the doors,0
watch the doors,1
shut the doors,8
bar the doors,7
open all the doors,8
leave the doors,0
set the doors,0
lock all the doors,8
enter the doors,0
secure the doors,4
hold the doors,2
swing the doors,0
push through the doors,0
build the doors,0
find the doors,0
seal the doors,6
slam the doors,5
order the doors,0
come through the doors,3
pass through the doors,3
knock at the doors,3
remember the doors,0
try the doors,7
clean the doors,0
cross the doors,0
open the drawer,8
take from the drawer,8
find the drawer,0
take the drawer,0
find in the drawer,8
unlock the drawer,8
fit the drawer,0
take out the drawer,8
close the drawer,8
touch the drawer,0
hand the drawer,0
restore the drawer,0
send the drawer,0
look into the drawer,8
push the drawer,7
take out of the drawer,8
pull out the drawer,7
come to the drawer,0
lock the drawer,8
shut the drawer,8
put them in the drawer,8
point to the drawer,0
state that the drawer,0
star at the drawer,0
shut up the drawer,0
fumble in the drawer,0
drop into the drawer,0
peer into the drawer,2
find one in the drawer,0
return it to the drawer,1
play the dynamite,0
call the dynamite,0
hold the dynamite,1
reach the dynamite,0
carry the dynamite,2
tackle the dynamite,0
hold on to the dynamite,0
catch the eye,0
meet the eye,0
keep the eye,0
draw the eye,0
enter the eye,0
affect the eye,0
get the eye,7
delight the eye,0
please the eye,0
escape the eye,0
find the eye,0
make the eye,0
twinkle in the eye,0
pass the eye,0
give the eye,0
show the eye,1
attract the eye,0
take the eye,8
hold the eye,7
close the eye,8
naked to the eye,0
deceive the eye,0
put the eye,0
open the eye,8
face the eye,0
lead the eye,0
run the eye,0
strike the eye,0
fix the eye,0
stop the eye,0
hit the fan,3
get the fan,5
take the fan,5
find the fan,0
hear the fan,0
put the fan,5
give the fan,2
feed the fan,0
notice the fan,0
carry the fan,1
look for the fan,0
bring back the fan,0
give me the fan,0
take up the fan,1
rise from the fan,0
ply the fan,0
unfurl the fan,0
write up in the fan,0
interpose the fan,0
rotate portion of the fan,0
start the fire,8
catch the fire,0
keep the fire,3
light the fire,8
set the fire,8
feed the fire,7
get the fire,0
fan the fire,7
face the fire,8
stop the fire,2
carry the fire,0
fight the fire,0
find the fire,0
put the fire,0
build the fire,3
burn the fire,4
rekindle the fire,6
extinguish the fire,8
quench the fire,8
spread the fire,6
watch the fire,6
round the fire,0
kindle the fire,4
ride the fire,0
make the fire,7
protect the fire,1
look into the fire,4
save the fire,0
take the fire,0
leave the fire,0
catch the fish,7
ask the fish,1
eat the fish,8
get the fish,8
find the fish,1
watch the fish,2
catch all the fish,6
name the fish,0
follow the fish,1
put the fish,0
make the fish,0
keep the fish,1
cook the fish,8
turn the fish,5
use the fish,0
hurt the fish,2
clean the fish,7
take the fish,8
open the fish,3
pass the fish,0
remember the fish,0
cause the fish,0
remove the fish,0
bring the fish,0
love the fish,0
land the fish,2
cut the fish,3
want the fish,0
kill all the fish,2
touch the fish,1
fan the flame,8
rekindle the flame,6
feed the flame,7
touch the flame,6
kindle the flame,6
watch the flame,7
put the flame,0
make the flame,1
find the flame,0
extinguish the flame,8
catch the flame,0
nourish the flame,0
feel the flame,0
keep up the flame,0
hold the flame,0
lower the flame,0
behold the flame,0
stop the flame,0
take the flame,0
win the flame,0
place the flame,0
give the flame,0
leave the flame,0
add fuel to the flame,7
ride the flame,0
face the flame,7
reach the flame,0
mark the flame,0
apply the flame,0
hide the flame,0
recharge the flashlight,8
reach for the flashlight,6
snap off the flashlight,1
find the flint,0
use the flint,7
get the flint,8
make the flint,0
hold the flint,3
send the flint,0
scratch the flint,0
star at the flint,0
plant at the flint,0
reach for the flint,0
move away from the flint,0
date back to the flint,0
kneel on the flint,0
strike by the flint,3
fle the flint,0
arrow back to the flint,0
reynard the fox,0
say the fox,5
meet the fox,2
find the fox,0
ask the fox,5
join the fox,0
feed the fox,6
cover the fox,0
look at the fox,7
skin the fox,0
follow the fox,7
king the fox,0
kill the fox,8
keep the fox,0
call the fox,7
put the fox,0
fire the fox,0
run the fox,0
carry the fox,0
open the fox,0
hunt the fox,0
donkey the fox,0
tree the fox,3
touch the fox,0
return the fox,0
represent the fox,0
request the fox,0
answer the fox,0
stand the fox,0
till the fox,0
eat the fruit,8
guess the fruit,0
pick the fruit,8
enjoy the fruit,7
look at the fruit,8
find the fruit,0
take the fruit,8
reap the fruit,7
love the fruit,0
bear the fruit,0
keep the fruit,0
grow the fruit,0
gather the fruit,8
give her of the fruit,6
create the fruit,0
protect the fruit,0
squeeze the fruit,0
put the fruit,0
preserve the fruit,2
taste of the fruit,6
bless the fruit,0
destroy the fruit,0
try the fruit,4
hold the fruit,1
give the fruit,3
age the fruit,0
drop the fruit,8
sell the fruit,8
lose the fruit,1
select the fruit,2
press the garlic,8
use the garlic,7
leave the garlic,3
note the garlic,0
take out the garlic,3
tear away the garlic,0
chop up except the garlic,0
open the gate,8
lock the gate,8
shut the gate,8
close the gate,8
near the gate,0
enter the gate,8
watch the gate,5
unlock the gate,8
leave the gate,1
find the gate,1
give the gate,0
make the gate,0
keep the gate,0
come out of the gate,6
pass the gate,5
stand at the gate,7
approach the gate,7
reach the gate,0
take the gate,0
stop at the gate,7
bar the gate,7
guard the gate,8
part at the gate,0
clear the gate,0
watch at the gate,0
meet at the gate,0
sit at the gate,0
play at the gate,0
arrive at the gate,0
forget the gate,0
find the gem,3
hold the gem,4
hand the gem,5
behold the gem,6
stand the gem,0
show me the gem,0
grave the gem,0
consult the gem,0
close on the gem,0
expect that the gem,0
get possession of the gem,3
get the girl,2
watch the girl,7
take the girl,2
make the girl,0
save the girl,8
meet the girl,7
help the girl,7
find the girl,2
ask the girl,7
love the girl,5
tell the girl,7
talk to the girl,8
say to the girl,7
want the girl,4
give the girl,7
marry the girl,1
touch the girl,0
keep the girl,0
call the girl,7
search for the girl,4
add the girl,0
say the girl,0
approach the girl,4
leave the girl,4
come the girl,0
lose the girl,0
give to the girl,6
bring the girl,0
believe the girl,0
follow the girl,7
drop the gloves,7
take the gloves,8
get the gloves,8
remove the gloves,8
find the gloves,0
pick up the gloves,8
look at the gloves,7
remember the gloves,0
try the gloves,8
hold the gloves,6
accept the gloves,2
pull the gloves,0
cabin the gloves,0
agree that the gloves,0
give him the gloves,2
confess to the gloves,0
throw aside the gloves,1
look sometimes at the gloves,0
read the guide,8
make the guide,0
take the guide,8
beat the guide,0
open the guide,8
forsaketh the guide,0
leave the guide,0
say the guide,2
ask the guide,7
cause the guide,0
come the guide,0
question the guide,6
address the guide,6
pay the guide,6
top the guide,0
send the guide,0
examine the guide,8
extend the guide,0
maintain the guide,0
till the guide,0
continue the guide,0
produce the guide,0
gain the guide,0
resume the guide,0
obey the guide,8
remain the guide,0
echo the guide,0
agree the guide,0
say to the guide,7
reply the guide,7
put the gun,7
leave the gun,6
get the gun,8
drop the gun,8
take the gun,8
find the gun,0
use the gun,8
load the gun,8
fire the gun,8
buy the gun,8
pick up the gun,8
look at the gun,8
carry the gun,8
obey the gun,0
pass the gun,0
hear the gun,0
point the gun,8
bring the gun,0
set the gun,2
damage the gun,0
forget the gun,0
hold the gun,3
order the gun,0
give the gun,5
cause the gun,0
try the gun,7
attend the gun,0
turn the gun,0
mean the gun,0
look the gun,7
drop the hammer,8
find the hammer,0
throw the hammer,8
wield the hammer,8
throw down the hammer,7
take the hammer,8
work the hammer,0
include the hammer,0
hill the hammer,0
fell under the hammer,0
represent the hammer,0
round the hammer,0
till the hammer,0
steal the hammer,4
wonder the hammer,0
hop the hammer,0
resist the hammer,0
rod the hammer,0
dash the hammer,0
come to the hammer,0
bring under the hammer,0
grasp the hammer,6
take up the hammer,7
convey the hammer,0
bring to the hammer,0
drive by the hammer,0
consist of the hammer,0
flutter under the hammer,0
ply the hammer,0
growl the hammer,0
take the helmet,8
get the helmet,8
place the helmet,6
use the helmet,8
remove the helmet,8
win the helmet,0
beat the helmet,0
discover the helmet,0
hold the helmet,2
suggest that the helmet,0
examine the helmet,8
split the helmet,0
crack the helmet,0
strike the helmet,1
pick up the helmet,8
steal the helmet,7
crush the helmet,0
resume the helmet,0
declare that the helmet,0
brow the helmet,0
arm with the helmet,2
marry in the helmet,0
grieve for the helmet,0
dash down the helmet,0
cleaveth the helmet,0
fill the hole,8
find the hole,2
drill the hole,3
dig the hole,3
make the hole,1
get the hole,0
cover the hole,8
cut the hole,0
get out of the hole,8
come out of the hole,7
climb out of the hole,8
enlarge the hole,8
close the hole,8
look at the hole,8
place in the hole,8
get into the hole,8
open the hole,6
avoid the hole,2
put through the hole,0
stop the hole,0
mend the hole,0
return to the hole,0
enter the hole,8
get through the hole,5
discover the hole,0
leave the hole,6
span the hole,0
find in the hole,0
run through the hole,7
flow through the hole,0
bait the hook,8
put the hook,5
remove the hook,6
take the hook,7
release the hook,4
drop off the hook,3
hold the hook,0
order the hook,0
bring the hook,0
try the hook,0
escape the hook,0
fish the hook,0
send the hook,0
raise the hook,0
carry the hook,0
lower the hook,7
extract the hook,0
shake the hook,0
conduct the hook,0
swing the hook,0
dig the hook,0
give him the hook,0
bury the hook,0
seize the hook,0
vine the hook,0
swallow the hook,0
take up the hook,0
hollow the hook,0
tear the hook,0
loosen the hook,0
saddle the horse,8
ride the horse,8
take the horse,7
get the horse,7
make the horse,0
ask the horse,2
find the horse,0
guide the horse,6
buy the horse,7
give the horse,0
stop the horse,0
lead the horse,7
put the horse,0
keep the horse,0
bring the horse,7
harness the horse,7
tie the horse,8
beat the horse,4
back the horse,0
mount the horse,8
love the horse,0
start the horse,0
listen to the horse,0
burn the horse,0
draw the horse,0
steal the horse,7
replace the horse,0
pull the horse,0
turn the horse,5
say the horse,0
wear the jacket,8
make the jacket,0
show the jacket,2
take the jacket,8
put the jacket,7
hold the jacket,6
lift the jacket,5
throw the jacket,4
seek the jacket,0
slide the jacket,0
don the jacket,3
tug at the jacket,0
get me by the jacket,0
hang sleeve of the jacket,0
bound out of the jeep,0
find the jug,0
look at the jug,7
take the jug,8
keep the jug,0
put the jug,6
place the jug,5
give the jug,5
replace the jug,0
want the jug,0
break the jug,5
turn the jug,0
lift the jug,6
lower the jug,5
steal the jug,4
give me the jug,0
empty the jug,7
direct from the jug,0
instant the jug,0
snatch the jug,0
put away the jug,0
suck at the jug,0
choke in the jug,0
hit me with the jug,0
drink out of the jug,8
run back into the jug,0
simmer in the jug,0
settle around the jug,0
slaver into the jug,0
turn the key,8
hold the key,1
get the key,8
find the key,6
use the key,8
put the key,3
change the key,0
remove the key,4
replace the key,2
discover the key,0
take the key,8
open the key,0
insert the key,8
drop the key,4
keep the key,0
leave the key,2
give the key,5
mount the key,0
make the key,1
return the key,0
recognize the key,0
pull the key,0
lock and the key,0
want the key,0
hide the key,6
buy the key,7
take away the key,0
lose the key,3
place the key,4
remember the key,0
get the keys,8
take the keys,8
hold the keys,0
find the keys,0
discover the keys,0
give you the keys,0
press the keys,0
give me the keys,0
give them the keys,4
hand over the keys,3
give the keys,3
take away the keys,1
keep the keys,0
give unto thee the keys,0
give up the keys,1
turn the keys,0
put the keys,0
leave the keys,1
remove the keys,0
hit the keys,0
receive the keys,0
look at the keys,6
hand me the keys,0
give him the keys,2
want the keys,0
love the keys,0
secure the keys,0
touch the keys,0
i the keys,0
steal the keys,6
remove the knapsack,0
carry the knapsack,1
throw the knapsack,1
point to the knapsack,0
collect the knapsack,0
pick up the knapsack,7
clutch the knapsack,1
lean the knapsack,0
strap the knapsack,0
put down the knapsack,6
spill out of the knapsack,0
come from under the knapsack,0
deform with the knapsack,0
get the knife,8
use the knife,8
put the knife,4
throw the knife,8
take the knife,8
drop the knife,8
stick the knife,7
raise the knife,6
turn the knife,6
find the knife,0
pull the knife,6
set the knife,0
handle the knife,0
bring the knife,0
hold the knife,2
pass the knife,0
carry the knife,0
lick the knife,0
drive the knife,5
place the knife,1
press the knife,0
leave the knife,1
replace the knife,0
say the knife,0
consider the knife,0
miss the knife,0
close the knife,0
draw the knife,7
touch the knife,0
escape the knife,0
climb the ladder,8
hold the ladder,6
move up the ladder,5
climb up the ladder,8
get the ladder,6
set up the ladder,5
foot on the ladder,0
use the ladder,8
climb down the ladder,8
creep up the ladder,2
put the ladder,0
find the ladder,0
get to the ladder,0
pull up the ladder,7
bring the ladder,0
descend the ladder,8
take the ladder,7
take away the ladder,1
remove the ladder,1
come up the ladder,2
run up the ladder,0
reach the ladder,0
draw the ladder,0
come down the ladder,2
touch the ladder,0
return the ladder,0
run down the ladder,1
turn on the ladder,0
destroy the ladder,0
approach the ladder,0
light the lamp,8
replace the lamp,0
turn the lamp,0
rub the lamp,8
break the lamp,0
keep the lamp,0
get the lamp,8
relight the lamp,7
take the lamp,8
fix the lamp,2
find the lamp,0
place the lamp,1
buy the lamp,7
carry the lamp,7
make the lamp,0
set the lamp,6
put the lamp,6
remember the lamp,0
leave the lamp,1
bring the lamp,0
centre the lamp,0
move the lamp,0
drive the lamp,0
look at the lamp,4
include the lamp,0
cause the lamp,0
hold the lamp,2
draw the lamp,0
touch the lamp,0
walk the lamp,0
light the lantern,8
bring the lantern,2
watch the lantern,1
take the lantern,8
set the lantern,3
keep the lantern,0
put the lantern,3
open the lantern,0
place the lantern,3
give the lantern,4
leave the lantern,1
hit the lantern,0
cause the lantern,0
hold the lantern,1
turn the lantern,0
eat the lantern,0
drop the lantern,2
hide the lantern,0
round the lantern,0
bag the lantern,0
raise the lantern,7
stone the lantern,0
stand the lantern,0
last the lantern,0
carry the lantern,6
push the lantern,0
lift the lantern,6
lower the lantern,5
swing the lantern,4
pick up the lantern,7
pull the lever,8
move the lever,6
push the lever,7
press the lever,7
put the lever,0
get the lever,0
take the lever,0
work the lever,6
open the lever,0
leave the lever,0
turn the lever,0
touch the lever,2
restore the lever,0
throw the lever,0
seek the lever,0
drag the lever,0
press on the lever,3
depress the lever,0
wait at the lever,0
pull at the lever,2
stick in the lever,0
strike by the lever,0
lean against the lever,0
begin to work the lever,0
shove over the lever,0
give movement of the lever,0
yank over the lever,0
walk in the light,0
leave the light,0
send the light,0
follow the light,0
find the light,0
step into the light,0
turn the light,0
keep the light,0
get the light,8
carry the light,2
catch the light,0
bring the light,2
put the light,4
live in the light,0
seek the light,0
come into the light,0
make the light,0
stand in the light,4
watch the light,5
love the light,0
hold the light,0
avoid the light,0
take the light,8
shed the light,0
face the light,7
reflect the light,0
show the light,0
receive the light,0
dance in the light,0
hate the light,0
watch the lion,0
join the lion,0
play the lion,0
richard the lion,0
find the lion,0
chase the lion,2
beard the lion,0
get the lion,0
show the lion,0
name the lion,0
meet the lion,2
kill the lion,8
love the lion,0
catch the lion,6
make the lion,0
set the lion,0
roar the lion,0
help the lion,0
add the lion,0
give the lion,0
attend the lion,0
call the lion,2
conquer the lion,0
beat the lion,1
friend the lion,0
say the lion,0
leave the lion,0
order the lion,0
ask the lion,0
bring the lion,0
start the machine,8
stop the machine,8
ask the machine,6
watch the machine,6
get the machine,7
use the machine,8
find the machine,0
crash the machine,5
work the machine,0
make the machine,2
turn the machine,3
build the machine,2
set the machine,0
put the machine,0
run the machine,8
hit the machine,0
guide the machine,0
keep the machine,0
look at the machine,6
hold the machine,0
study the machine,7
control the machine,7
take the machine,0
show the machine,0
describe the machine,0
place the machine,0
complete the machine,0
face the machine,0
give the machine,0
examine the machine,7
give the maid,0
kiss the maid,7
make the maid,0
help the maid,7
find the maid,0
marry the maid,7
tell the maid,7
say the maid,0
say to the maid,7
love the maid,1
take the maid,0
view the maid,0
save the maid,7
call the maid,7
win the maid,0
run the maid,0
follow the maid,7
leave the maid,5
order the maid,6
ask the maid,6
bring the maid,0
drive the maid,0
act the maid,0
hear the maid,0
mean the maid,0
hope the maid,0
lead the maid,6
receive the maid,0
mark the maid,0
lose the maid,0
meet the man,7
watch the man,5
make the man,0
behold the man,0
get the man,0
find the man,0
call the man,7
play the man,0
marry the man,3
love the man,1
give the man,2
pay the man,4
ask the man,7
kill the man,7
save the man,0
listen to the man,4
take the man,0
tell the man,5
help the man,7
leave the man,1
search for the man,0
say the man,0
remember the man,0
talk to the man,7
say to the man,7
hate the man,0
follow the man,7
wait for the man,0
put the man,0
catch the man,0
change the map,0
get the map,8
get out the map,2
look at the map,8
follow the map,7
place on the map,0
mark on the map,2
make the map,0
take on the map,0
study the map,6
take the map,8
view on the map,6
draw the map,5
find it on the map,0
add to the map,0
put the map,0
explain the map,0
adjust the map,0
unfold the map,3
choose the map,0
consult the map,4
examine the map,8
say the map,0
notice on the map,0
clean off the map,0
divide the map,0
pick up the map,4
con the map,0
indicate on the map,0
lay the map,0
take off the mask,8
remove the mask,8
drop the mask,8
buy the mask,6
put the mask,0
give the mask,2
say the mask,0
pull off the mask,2
touch the mask,0
return the mask,0
feature the mask,0
raise the mask,0
examine the mask,8
lift the mask,6
throw the mask,0
throw off the mask,0
assume the mask,0
lurk behind the mask,0
lurk beneath the mask,0
cast off the mask,1
enforce the mask,0
prove that the mask,0
tear off the mask,1
wait for the mask,0
pose the mask,0
reply the mask,0
contemplate the mask,0
smile beneath the mask,1
fling off the mask,0
rush at the mask,0
win the match,0
watch the match,0
strike the match,8
light the match,8
make the match,0
name the match,0
use the match,8
get the match,8
lose the match,0
drop the match,4
take the match,8
finish the match,0
set the match,1
put the match,1
plan the match,0
want the match,0
welcome the match,0
ask the match,0
create the match,0
bring the match,0
trust the match,0
move the match,0
try the match,0
hold the match,3
take away the match,0
close the match,0
draw the match,0
apply the match,0
hand the match,0
accept the match,0
find the matches,0
take the matches,8
keep the matches,0
put the matches,0
pass the matches,0
remember the matches,0
drop the matches,1
pack the matches,0
screen the matches,0
strike the matches,4
blow the matches,0
look for the matches,0
play with the matches,0
hunt for the matches,0
get one of the matches,3
get me the matches,0
insist on the matches,0
reach me the matches,0
win most of the matches,0
fumble for the matches,0
possess himself of the matches,0
look in the mirror,8
replace the mirror,0
watch the mirror,5
hold the mirror,6
face the mirror,8
find the mirror,0
break the mirror,8
take the mirror,7
study in the mirror,0
return to the mirror,0
show the mirror,0
put the mirror,0
leave the mirror,0
drop the mirror,0
ask the mirror,2
give the mirror,0
try the mirror,0
reach the mirror,0
return the mirror,0
approach the mirror,0
hand the mirror,0
round the mirror,0
strike the mirror,0
seek the mirror,0
dash the mirror,0
walk to the mirror,2
lay the mirror,0
surround the mirror,0
render the mirror,0
connect with the mirror,0
meet the monster,0
kill the monster,8
watch the monster,3
take the monster,0
make the monster,0
find the monster,0
face the monster,3
catch the monster,1
escape the monster,6
destroy the monster,7
show the monster,0
tame the monster,2
look at the monster,6
mean the monster,0
slay the monster,8
put the monster,0
avoid the monster,3
bring the monster,0
run the monster,0
hear the monster,0
say the monster,0
cause the monster,0
represent the monster,0
finish the monster,0
answer the monster,0
abuse the monster,0
till the monster,0
strike the monster,7
speak the monster,0
cry the monster,0
move the mouse,7
use the mouse,6
make the mouse,0
click the mouse,8
hide the mouse,0
find the mouse,0
stop the mouse,0
hold down the mouse,0
drag the mouse,1
put the mouse,0
play the mouse,0
roll the mouse,0
draw the mouse,0
ask the mouse,0
enter the mouse,0
contain the mouse,0
leave the mouse,0
want the mouse,0
say the mouse,0
miss the mouse,0
reach the mouse,0
address the mouse,0
friend the mouse,0
answer the mouse,0
come to the mouse,0
lift the mouse,0
till the mouse,0
cry the mouse,0
empty the mouse,0
repeat the mouse,0
earn the necklace,0
put the necklace,0
show the necklace,2
take the necklace,8
remember the necklace,0
leave the necklace,1
say that the necklace,0
return the necklace,3
restore the necklace,0
raise the necklace,2
obtain the necklace,0
accept the necklace,0
pull the necklace,0
mention the necklace,0
take out the necklace,3
long for the necklace,0
get through the necklace,0
take up the necklace,0
point to the necklace,0
glance at the necklace,0
tie to the necklace,0
unclasp the necklace,0
get news of the necklace,0
frighten about the necklace,0
find the net,0
use the net,0
get the net,0
connect to the net,6
release the net,6
bring the net,0
rent the net,0
watch the net,0
cast the net,7
find on the net,1
get on the net,2
handle the net,0
pull the net,0
lift the net,1
expect the net,0
cruise the net,0
join the net,0
get caught in the net,0
explore the net,0
read the net,0
cause the net,0
draw the net,0
keep the net,0
throw the net,4
hack on the net,0
form the net,0
put the net,0
drag the net,0
take the net,6
clear the net,0
read the newspaper,8
get the newspaper,8
buy the newspaper,7
find the newspaper,0
put the newspaper,0
take the newspaper,8
open the newspaper,8
leave the newspaper,0
bring the newspaper,0
hold the newspaper,3
write the newspaper,0
look at the newspaper,7
answer the newspaper,0
listen to the newspaper,0
prepare the newspaper,0
pull the newspaper,0
secure the newspaper,0
hop the newspaper,0
pick up the newspaper,1
refer to the newspaper,0
con the newspaper,0
look in the newspaper,2
resume the newspaper,0
fold the newspaper,4
seat in the newspaper,0
dash the newspaper,0
call for the newspaper,0
consult the newspaper,5
slap the newspaper,0
continue in the newspaper,0
expose within the niche,0
produce the note,0
get the note,8
hold the note,0
read the note,8
sign the note,0
carry the note,0
find the note,0
meet the note,0
make the note,0
put the note,0
pay the note,0
sound the note,0
write the note,2
wait for the note,0
pass the note,1
add the note,0
keep the note,0
call the note,0
change the note,0
catch the note,0
believe the note,0
forget the note,0
save the note,0
take the note,0
show the note,0
fix the note,0
open the note,2
run the note,0
explain the note,0
place the note,0
get the nugget,8
forget the nugget,0
lose the nugget,0
travel toward the nugget,0
watch the orb,5
show the orb,0
wait for the orb,0
salute the orb,0
asunder the orb,0
droop the orb,0
turn towards the orb,1
arrive without the orb,0
bake in the oven,7
cook in the oven,8
put it in the oven,6
remove the oven,0
leave the oven,0
open the oven,8
come out of the oven,6
heat the oven,7
put them in the oven,5
live in the oven,0
cake out of the oven,0
build the oven,0
close the oven,8
come from the oven,0
bake them in the oven,7
look in the oven,8
provide the oven,0
take from the oven,1
till the oven,0
smoke the oven,0
shut the oven,3
set it in the oven,6
resemble the oven,0
work at the oven,0
prepare in the oven,0
carry from the oven,0
bake from the oven,0
lie on the oven,0
colour them in the oven,0
shove into the oven,1
lead the pack,3
leave the pack,0
take the pack,8
change the pack,0
make the pack,0
shuffle the pack,0
open the pack,8
put the pack,0
save the pack,0
fix the pack,0
place the pack,0
hit the pack,0
bring the pack,0
cut the pack,0
face the pack,0
hold the pack,0
head the pack,0
track the pack,0
drop the pack,2
round the pack,0
roll the pack,0
examine the pack,7
carry the pack,5
prepare the pack,0
lift the pack,3
expect the pack,0
strike the pack,0
make of the pack,0
steal the pack,0
separate the pack,0
watch the painting,6
get the painting,8
show the painting,0
take the painting,8
touch the painting,0
fine the painting,0
exceed the painting,0
write in the painting,0
stop all the painting,0
offer me the painting,0
give of the painting,0
knock over the painting,0
attract me in the painting,0
dissatisfy with the painting,0
open the panel,8
replace the panel,0
find the panel,0
hold the panel,0
close the panel,4
look at the panel,6
fix the panel,0
place the panel,0
give the panel,0
want the panel,0
choose the panel,0
face the panel,2
tell the panel,0
address the panel,0
touch the panel,0
approach the panel,0
stand the panel,0
examine the panel,7
tie the panel,0
shock the panel,0
thank the panel,0
turn to the panel,0
announce that the panel,0
gather the panel,0
call by the panel,0
regain the panel,0
glance at the panel,0
explain to the panel,0
hang over the panel,0
remind the panel,0
follow the paper,0
get the paper,8
make the paper,0
read the paper,8
set the paper,0
fold the paper,8
use the paper,0
cut the paper,6
put the paper,0
find the paper,0
take the paper,8
sign the paper,5
buy the paper,4
want the paper,0
place the paper,0
save the paper,0
turn the paper,0
join the paper,0
call the paper,0
tear the paper,2
show the paper,0
strike the paper,0
open the paper,1
order the paper,0
put in the paper,0
name on the paper,0
feel the paper,0
leave the paper,0
send the paper,0
bring the paper,0
take the parchment,8
read the parchment,8
put the parchment,0
place the parchment,0
present the parchment,0
hold the parchment,0
sign the parchment,6
receive the parchment,0
examine the parchment,8
shake the parchment,0
say that the parchment,0
number on the parchment,0
write in the parchment,0
resign the parchment,0
unfold the parchment,6
lock up the parchment,0
lift up the parchment,0
pin to the parchment,0
unroll the parchment,6
hold out the parchment,0
set it to the parchment,0
crumple the parchment,4
draw forth the parchment,0
ask the parrot,2
kill the parrot,3
look at the parrot,5
remember the parrot,0
forget the parrot,0
say the parrot,0
hear the parrot,0
fear the parrot,0
friend the parrot,0
cry the parrot,0
delight the parrot,0
fee the parrot,0
point to the parrot,1
whisper the parrot,0
surprise at the parrot,0
perch the parrot,0
scold the parrot,0
shriek the parrot,0
tell to the parrot,0
look in at the parrot,0
convince that the parrot,0
read the passage,7
prevent the passage,0
use the passage,0
understand the passage,0
watch the passage,0
forget the passage,0
block the passage,7
witness the passage,0
secure the passage,2
permit the passage,0
find the passage,0
complete the passage,0
get the passage,0
allow the passage,0
remember the passage,0
make the passage,0
quote the passage,0
bring the passage,0
take the passage,0
mark the passage,1
impede the passage,0
indicate the passage,0
oppose the passage,0
facilitate the passage,0
stop the passage,0
keep the passage,0
enter the passage,8
call the passage,0
follow the passage,8
end the passage,0
find the path,0
follow the path,8
walk the path,8
take the path,8
choose the path,0
near the path,0
show the path,0
watch the path,0
enter the path,8
cross the path,0
ponder the path,0
meet the path,0
make the path,0
tread the path,0
smooth the path,0
walk in the path,3
open the path,0
pursue the path,0
follow in the path,0
mark the path,0
leave the path,1
get to the path,0
walk on the path,0
block the path,0
name the path,0
seek the path,0
join the path,0
select the path,0
keep the path,0
regain the path,0
find the pearl,0
buy the pearl,8
throw the pearl,5
take the pearl,8
start the pearl,0
remove the pearl,0
call the pearl,0
put the pearl,0
place the pearl,0
remember the pearl,0
hold the pearl,0
own the pearl,0
eat the pearl,1
roll the pearl,0
pull the pearl,0
separate the pearl,0
operate the pearl,0
say that the pearl,0
seize the pearl,0
drop in the pearl,0
wonder at the pearl,0
fling the pearl,0
bring out the pearl,0
observe that the pearl,0
grade to the pearl,0
enamour of the pearl,0
shimmer beneath the pearl,0
lengthen across the pearl,0
find the person,0
meet the person,4
ask the person,5
describe the person,0
love the person,0
make the person,0
mean the person,0
identify the person,0
talk to the person,8
discover the person,0
believe that the person,0
allow the person,0
take the person,0
protect the person,0
forget the person,0
leave the person,0
send the person,0
put the person,0
say the person,0
give to the person,0
say that the person,0
believe the person,0
attack the person,0
notice the person,0
relate to the person,0
respect the person,0
indicate that the person,0
note the person,0
place the person,0
approach the person,0
get the picture,7
color the picture,0
complete the picture,0
take the picture,7
look at the picture,8
show the picture,0
find the picture,0
paint the picture,0
make the picture,0
finish the picture,0
put the picture,0
watch the picture,6
set the picture,0
destroy the picture,0
draw the picture,1
buy the picture,3
read the picture,0
bring the picture,0
look the picture,0
keep the picture,0
remember the picture,0
call the picture,0
carry the picture,0
study the picture,6
cause the picture,0
say the picture,0
leave the picture,0
cover the picture,0
hold the picture,0
produce the picture,0
use the pistol,6
get the pistol,8
load the pistol,8
find the pistol,0
replace the pistol,0
buy the pistol,8
make the pistol,0
take the pistol,8
keep the pistol,0
put the pistol,0
explain the pistol,0
say the pistol,0
fire the pistol,8
present the pistol,0
hold the pistol,6
look at the pistol,4
catch the pistol,0
point the pistol,5
hear the pistol,0
draw the pistol,0
drop the pistol,4
offer the pistol,0
hide the pistol,0
pick up the pistol,5
restore the pistol,0
raise the pistol,6
accept the pistol,0
examine the pistol,8
pull the pistol,4
lift the pistol,1
walk the plank,8
get the plank,0
find the plank,0
keep the plank,0
follow the plank,6
bring the plank,0
miss the plank,0
cut the plank,3
carry the plank,0
push the plank,0
mount the plank,0
throw the plank,0
come to the plank,0
reject the plank,0
loose the plank,0
soap the plank,0
drag the plank,0
nail the plank,0
walk down the plank,7
lean the plank,0
cross on the plank,0
walk up the plank,5
throw off the plank,0
pass up the plank,0
draw away the plank,0
lay down on the plank,0
shrink as the plank,0
rush upon the plank,0
get upon the plank,1
make the plans,0
get the plans,8
find the plans,0
draw the plans,0
frustrate the plans,0
carry out the plans,0
discuss the plans,0
change the plans,0
take the plans,8
follow the plans,1
explain the plans,0
iii the plans,0
give the plans,0
want the plans,0
say the plans,0
order the plans,0
determine the plans,0
mind the plans,0
learn the plans,0
listen to the plans,0
return to the plans,0
define the plans,0
defeat the plans,0
behold the plans,0
cup the plans,0
supply the plans,0
locate the plans,0
examine the plans,8
promote the plans,0
copy the plans,2
get the policeman,0
call the policeman,8
say the policeman,0
order the policeman,0
ask the policeman,6
look at the policeman,7
face the policeman,7
add the policeman,0
tell the policeman,7
act the policeman,0
turn the policeman,0
address the policeman,7
friend the policeman,0
fall the policeman,0
answer the policeman,8
ignore the policeman,0
continue the policeman,0
talk to the policeman,8
address to the policeman,7
bid the policeman,0
dodge the policeman,0
appeal to the policeman,0
fancy the policeman,0
chat with the policeman,8
roar the policeman,0
furnish the policeman,0
reply the policeman,7
shout the policeman,0
talk with the policeman,7
proclaim the policeman,0
open the pouch,8
leave the pouch,0
remove the pouch,1
discover the pouch,0
hold the pouch,0
draw the pouch,0
hide the pouch,1
fill the pouch,6
eye the pouch,0
carry the pouch,0
give you the pouch,0
pick up the pouch,4
seize the pouch,3
lay the pouch,0
finger the pouch,0
give up the pouch,0
take up the pouch,2
set upon the pouch,0
bethink him of the pouch,0
pass through the prism,0
look through the prism,8
move with the prism,0
produce by the prism,0
tell the raven,0
hear the raven,0
ask the raven,6
save the raven,0
call the raven,7
put the raven,0
leave the raven,0
say the raven,0
kill the raven,8
consider the raven,0
fly the raven,0
eye the raven,1
worship the raven,0
cry the raven,0
fortune the raven,0
seize the raven,5
marry the raven,0
rob the raven,4
smooth the raven,0
reply the raven,0
rejoin the raven,0
point to the raven,0
bark and the raven,0
exult the raven,0
king if the raven,0
consider that when the raven,0
bode song of the raven,0
return to the ring,0
kiss the ring,7
get the ring,8
wear the ring,8
enter the ring,5
step into the ring,5
fight in the ring,0
take the ring,8
find the ring,0
break the ring,0
keep the ring,0
make the ring,0
return the ring,0
put the ring,0
round the ring,0
give the ring,0
buy the ring,0
remove the ring,7
get into the ring,0
leave the ring,0
lose the ring,0
call the ring,0
run the ring,0
look for the ring,0
die in the ring,0
stand in the ring,0
hold the ring,0
order the ring,0
place the ring,0
want the ring,0
round the rock,0
get the rock,7
drop the rock,4
make the rock,0
reach the rock,1
find the rock,0
move the rock,8
love the rock,0
strike the rock,1
kiss the rock,1
visit the rock,0
climb the rock,8
escape the rock,0
break the rock,0
enter the rock,0
close the rock,0
face the rock,0
form the rock,0
rest on the rock,0
pass the rock,0
call the rock,0
own the rock,0
fall on the rock,0
leave the rock,0
keep the rock,0
say the rock,0
fashion on the rock,0
attend the rock,0
touch the rock,2
open the rock,0
spare the rod,0
ye the rod,0
kiss the rod,0
take the rod,8
make the rod,0
hold the rod,0
send the rod,0
chasten him with the rod,0
break the rod,1
move the rod,0
fit the rod,0
feel the rod,0
fear the rod,0
accept the rod,0
pull the rod,0
burn the rod,0
stay the rod,0
throw the rod,0
fleet the rod,0
lift up the rod,0
lay on the rod,0
cling to the rod,0
wield the rod,4
pluck the rod,0
touch them with the rod,0
explain that the rod,0
rule by the rod,0
spar the rod,0
smile at the rod,0
touch by the rod,0
cut the rope,8
hold the rope,0
pull the rope,8
get the rope,7
tie the rope,7
use the rope,4
climb the rope,8
grab the rope,3
drop the rope,0
knot in the rope,0
watch the rope,0
find the rope,0
reach the rope,0
make the rope,0
fetch the rope,0
take the rope,7
wrap the rope,0
swing the rope,0
throw the rope,1
hide the rope,0
untie the rope,7
pull on the rope,8
swing on the rope,8
descend the rope,0
keep the rope,0
remove the rope,1
put the rope,0
follow the rope,5
place the rope,0
pass the rope,0
show the ruby,1
look at the ruby,7
take the ruby,8
view the ruby,2
lift the ruby,0
twist the ruby,0
swing the ruby,0
felt the ruby,0
gulp the ruby,0
khayyam the ruby,0
bring her the ruby,0
scarecrow out of the ruby,0
lie there in the ruby,0
show them both the ruby,0
blush glories of the ruby,0
find the rug,0
get the rug,1
take the rug,1
look at the rug,7
keep the rug,0
remove the rug,8
put the rug,0
leave the rug,0
bring the rug,0
match the rug,0
draw the rug,0
start from the rug,0
roll the rug,6
spread the rug,5
tap the rug,0
wrap the rug,0
stand on the rug,6
decorate the rug,0
seat on the rug,0
ornament the rug,0
cross on the rug,0
rest on the rug,0
lie on the rug,4
add to the rug,0
sit down on the rug,4
lay down on the rug,4
step out on the rug,0
yank the rug,0
stretch on the rug,0
kitten on the rug,0
open the safe,8
unlock the safe,8
find the safe,0
provide for the safe,0
choose the safe,0
lock the safe,7
close the safe,7
follow the safe,0
get into the safe,7
leave the safe,6
try the safe,0
force the safe,2
express the safe,0
round the safe,0
place in the safe,0
get on the safe,0
ask for the safe,0
prefer the safe,0
adopt the safe,0
suppose the safe,0
put it in the safe,6
shut the safe,7
rob the safe,7
compass the safe,0
regret the safe,0
hug the safe,0
use to the safe,0
end in the safe,0
commit to the safe,0
dynamite the safe,0
hold the sceptre,0
take the sceptre,8
place the sceptre,0
enjoy the sceptre,0
drop the sceptre,3
receive the sceptre,0
obtain the sceptre,4
transfer the sceptre,0
till the sceptre,0
purpose the sceptre,0
throw the sceptre,1
assume the sceptre,0
retain the sceptre,0
resume the sceptre,0
decline the sceptre,0
surrender the sceptre,1
grasp the sceptre,5
inherit the sceptre,0
admire the sceptre,5
possess the sceptre,0
take away the sceptre,0
resign the sceptre,0
commit the sceptre,0
sway the sceptre,0
wield the sceptre,6
doth the sceptre,0
usurp the sceptre,0
bestow the sceptre,0
thine the sceptre,0
bequeath the sceptre,0
find the screwdriver,0
arm with the screwdriver,0
throw down the screwdriver,0
read the scroll,8
take the scroll,8
open the scroll,8
study the scroll,8
say the scroll,0
complete the scroll,0
destroy the scroll,0
take off the scroll,0
preserve the scroll,0
glance at the scroll,0
fold up the scroll,0
charge with punishments the scroll,0
rush again into the scroll,0
moses the servant,0
watch the servant,0
gehazi the servant,0
tell the servant,0
suppose the servant,0
meet the servant,6
find the servant,0
make the servant,0
take the servant,0
call the servant,7
follow the servant,0
give the servant,0
leave the servant,0
say the servant,0
order the servant,6
kill the servant,3
ask the servant,7
cause the servant,0
add the servant,0
come the servant,0
hear the servant,0
question the servant,5
mean the servant,0
address the servant,4
offer the servant,0
answer the servant,5
treat the servant,0
send the servant,0
stand the servant,0
doctor the servant,0
get the shaft,5
remove the shaft,2
take the shaft,5
support the shaft,0
open the shaft,4
leave the shaft,3
break the shaft,0
return to the shaft,0
hold the shaft,0
fit the shaft,0
reach the shaft,0
draw the shaft,0
lead the shaft,0
fall into the shaft,1
approach the shaft,0
round the shaft,0
send the shaft,0
raise the shaft,0
fly the shaft,0
come down the shaft,0
carry the shaft,0
sit on the shaft,0
speed the shaft,0
seat on the shaft,0
issue on the shaft,0
loose the shaft,0
appeal to the shaft,0
rest on the shaft,0
wing the shaft,0
horn the shaft,0
get behind the shield,2
remove the shield,3
find the shield,0
bring the shield,0
carry the shield,5
make the shield,0
bear the shield,6
take the shield,8
miss the shield,0
give the shield,0
lift the shield,7
keep the shield,0
bar the shield,0
hold the shield,5
draw the shield,0
touch the shield,0
drop the shield,2
receive the shield,0
round the shield,0
give me the shield,0
preserve the shield,0
split the shield,0
worship the shield,0
boss the shield,0
kick the shield,0
swing the shield,0
oppose the shield,0
take off the shield,1
remain the shield,0
uncover the shield,0
board the ship,8
sink the ship,6
turn the ship,7
get the ship,0
leave the ship,7
guide the ship,5
steer the ship,7
find the ship,0
keep the ship,0
meet the ship,0
save the ship,0
watch the ship,0
return to the ship,0
make the ship,0
load the ship,0
drive the ship,0
stop the ship,0
launch the ship,4
take the ship,0
feel the ship,0
join the ship,0
buy the ship,0
bring the ship,0
sail the ship,0
enter the ship,6
run the ship,0
lighten the ship,0
make on the ship,0
lose the ship,0
clean the ship,0
use the shovel,1
keep the shovel,0
hold the shovel,0
make the shovel,0
take the shovel,8
bring the shovel,0
drop the shovel,1
pick up the shovel,4
carry the shovel,0
heat the shovel,0
lay the shovel,0
borrow the shovel,0
get hold of the shovel,0
come in with the shovel,0
fell over the shovel,0
knock down with the shovel,2
lend them the shovel,0
make the sign,5
s the sign,0
read the sign,8
use the sign,0
follow the sign,6
get the sign,0
sign the sign,0
find the sign,0
miss the sign,0
show the sign,0
obey the sign,0
take the sign,0
give the sign,0
display the sign,0
carry the sign,0
alter the sign,0
stop the sign,0
hang the sign,0
post the sign,0
set the sign,0
view the sign,0
visit the sign,0
discover the sign,0
forget the sign,0
ask the sign,0
bring the sign,0
try the sign,0
cut the sign,0
king the sign,0
fear the sign,0
take the spectacles,8
remove the spectacles,7
put the spectacles,0
bring the spectacles,0
return the spectacles,0
adjust the spectacles,0
restore the spectacles,0
lock the spectacles,0
feel that the spectacles,0
hold up the spectacles,0
recollect the spectacles,0
extend the sphere,0
beat the sphere,0
leave the sphere,0
say the sphere,0
clear the sphere,0
recognize the sphere,0
occur within the sphere,0
occur in the sphere,0
get out of the sphere,0
lie within the sphere,0
come within the sphere,0
concern the sphere,0
act within the sphere,0
enlarge the sphere,0
narrow the sphere,0
interrupt the sphere,0
include within the sphere,0
transcend the sphere,0
say of the sphere,0
fulfil the sphere,0
remove from the sphere,0
permit to enter the sphere,0
pass into the sphere,0
suit to the sphere,0
anticipate that the sphere,0
illume the sphere,0
remove to the sphere,0
range beyond the sphere,0
envisage in the sphere,0
acquaint in the sphere,0
ask the staff,6
join the staff,0
find the staff,0
give the staff,0
take the staff,8
call the staff,6
put the staff,0
say the staff,0
serve on the staff,0
form the staff,0
break the staff,0
face the staff,0
hold the staff,0
mean the staff,0
handle the staff,0
fashion the staff,0
bear the staff,0
rescue the staff,0
carry the staff,0
chair the staff,0
lower the staff,0
cast the staff,0
take on the staff,0
divide the staff,0
stick the staff,0
climb the staff,0
get on the staff,0
polish the staff,0
seize the staff,0
lay the staff,0
take the stairs,4
fall down the stairs,2
climb the stairs,7
walk up the stairs,8
walk down the stairs,8
come down the stairs,2
get up the stairs,1
run up the stairs,2
climb up the stairs,8
run down the stairs,6
slip down the stairs,1
get down the stairs,2
fell on the stairs,0
race up the stairs,2
make the stairs,0
sit on the stairs,0
ascend the stairs,3
tumble down the stairs,0
find the stairs,0
watch the stairs,0
wait on the stairs,0
descend the stairs,4
start up the stairs,1
stay on the stairs,0
look down the stairs,6
roll down the stairs,4
say the stairs,0
cover the stairs,0
stand on the stairs,0
float down the stairs,0
follow the star,3
watch the star,3
play the star,0
find the star,0
sing the star,0
make the star,0
look at the star,8
wear the star,0
take the star,0
work the star,0
say the star,0
call the star,0
reach the star,0
blaze the star,0
describe the star,0
cross the star,0
art the star,0
consider the star,0
leave the star,0
grow the star,0
round the star,0
obtain the star,0
give me the star,0
lose the star,0
till the star,0
label the star,0
hide the star,0
kiss the star,0
learn the star,0
cry the star,0
make the statue,0
find the statue,0
describe the statue,0
destroy the statue,2
support the statue,0
pass the statue,0
say the statue,0
touch the statue,2
approach the statue,3
round the statue,0
answer the statue,0
stand the statue,0
embrace the statue,0
say that the statue,0
continue the statue,0
appeal to the statue,0
illustrate the statue,0
execute the statue,0
chamber the statue,0
point to the statue,0
recognise the statue,0
regret the statue,0
order that the statue,0
melt the statue,0
compare with the statue,0
admire the statue,0
await the statue,0
discover that the statue,0
pull down the statue,0
animate the statue,0
get the stick,8
pull out the stick,0
take the stick,8
buy the stick,0
throw the stick,6
move the stick,0
lift the stick,0
show the stick,0
run the stick,0
give the stick,0
leave the stick,0
break the stick,5
try the stick,0
catch the stick,0
feel the stick,0
pick up the stick,4
raise the stick,5
stand the stick,0
burn the stick,5
reverse the stick,0
recover the stick,0
take up the stick,0
swing the stick,6
felt the stick,0
dodge the stick,0
seize the stick,0
lay the stick,0
peel the stick,0
rub the stick,0
clutch the stick,0
watch the stone,0
roll the stone,8
get the stone,5
turn the stone,6
find the stone,0
kiss the stone,3
cover the stone,0
buy the stone,2
use the stone,0
move the stone,7
make the stone,0
remove the stone,7
take the stone,6
throw the stone,5
round the stone,0
visit the stone,0
drop the stone,1
behold the stone,0
cast the stone,0
pass the stone,0
enter the stone,0
come to the stone,0
place the stone,0
put the stone,0
carry the stone,0
face of the stone,0
follow the stone,0
break the stone,0
climb the stone,0
hold the stone,0
get the suit,8
take the suit,8
lose the suit,0
sell the suit,6
follow the suit,0
drop the suit,0
win the suit,0
defend the suit,0
say that the suit,0
set the suit,0
save the suit,0
remove the suit,0
leave the suit,0
want the suit,0
say the suit,0
bring the suit,0
understand that the suit,0
come the suit,0
institute the suit,0
handle the suit,0
follow up the suit,0
take up the suit,0
steal the suit,0
reject the suit,0
suppose the suit,0
take off the suit,8
don the suit,4
lay the suit,0
consent to the suit,0
set on the suit,0
fear the sword,0
draw the sword,6
die by the sword,0
get the sword,8
fall by the sword,0
find the sword,0
take the sword,8
put the sword,0
use the sword,7
pull the sword,4
meet the sword,0
make the sword,0
show the sword,0
clutch the sword,0
wield the sword,8
carry the sword,0
love the sword,0
bring the sword,0
escape the sword,0
keep the sword,0
bear the sword,0
set the sword,0
perish by the sword,0
save the sword,0
hold the sword,0
remove the sword,0
return the sword,0
fell by the sword,0
hide the sword,0
win the sword,0
set the table,2
use the table,0
lay the table,0
round the table,0
find the table,0
turn the table,4
bang the table,4
clear the table,4
make the table,0
leave the table,0
decorate the table,0
lay on the table,3
open the table,0
leave on the table,0
study the table,0
remove the table,0
put the table,0
hit the table,0
fill the table,0
show the table,0
join the table,0
sit on the table,6
keep the table,0
place the table,0
lean on the table,0
bring on the table,0
place on the table,0
move the table,7
replace the table,0
touch the table,0
roll the tape,0
find the tape,0
cut the tape,5
run the tape,0
fold the tape,0
struggle the tape,0
undo the tape,0
distribute the tape,0
find that the tape,0
print on the tape,0
beat on the tape,0
stick on the tape,0
star at the tape,0
receive on the tape,0
measure with the tape,0
reel off the tape,0
outline upon the tape,0
pitch the tent,8
leave the tent,8
enter the tent,8
set up the tent,8
take the tent,7
come to the tent,0
visit the tent,3
find the tent,0
look inside the tent,6
make the tent,0
love the tent,0
look into the tent,7
keep the tent,0
fix the tent,0
follow the tent,0
return to the tent,0
pass the tent,0
cover the tent,0
break the tent,0
come out of the tent,0
cut the tent,0
compare the tent,0
reach the tent,0
occur in the tent,0
cross the tent,0
come into the tent,0
get back to the tent,0
lose the tent,0
approach the tent,0
round the tent,0
watch the thief,0
catch the thief,6
find the thief,0
stop the thief,6
punish the thief,5
slay the thief,8
discover the thief,0
friend the thief,0
show me the thief,0
say to the thief,0
make the thief,0
take the thief,0
play the thief,0
call the thief,1
open the thief,0
give the thief,0
say the thief,0
ask the thief,3
drive the thief,0
hold the thief,0
believe the thief,0
act the thief,0
touch the thief,0
lose the thief,0
approach the thief,0
treat the thief,0
behold the thief,0
demand the thief,0
till the thief,0
continue the thief,0
pass the torch,0
carry the torch,6
light the torch,8
hold the torch,6
take the torch,8
bear the torch,6
set the torch,0
put the torch,0
place the torch,0
press the torch,0
replace the torch,0
order the torch,0
return the torch,0
drop the torch,1
apply the torch,0
hide the torch,0
raise the torch,3
switch the torch,0
dash the torch,0
toss the torch,0
ignite the torch,8
kindle the torch,8
instant the torch,0
put out the torch,7
extinguish the torch,7
whirl the torch,0
come of the torch,0
sprinkle on the torch,0
sparkle in the torch,0
glitter in the torch,0
drop the towel,0
take the towel,8
place the towel,0
leave the towel,0
eat the towel,0
return the towel,0
carry the towel,0
wave the towel,0
seize the towel,0
shake off the towel,0
loosen the towel,0
wipe them with the towel,0
tuck the towel,0
snatch the towel,0
devour the towel,0
lay down the towel,0
clap the towel,0
come from under the towel,0
emerge from the towel,0
look hard at the towel,0
detach on the towel,0
grope for the towel,0
round the trapdoor,0
lift the trapdoor,8
disappear down the trapdoor,3
watch the tree,0
shake the tree,7
make the tree,0
near the tree,0
kill the tree,2
climb the tree,8
get the tree,0
cut the tree,0
find the tree,0
grow the tree,0
plant the tree,6
fit the tree,0
name the tree,0
hang on the tree,2
damage the tree,0
ripen on the tree,0
fell from the tree,0
search the tree,2
bring the tree,0
enter the tree,0
study the tree,0
call the tree,0
chop the tree,5
leave the tree,0
keep the tree,0
say the tree,0
pass the tree,0
take the tree,0
grow on the tree,0
try the tree,0
meet the troll,3
kill the troll,8
say the troll,0
order the troll,0
come the troll,0
mean the troll,0
scream the troll,0
roar the troll,0
yell the troll,0
smite the troll,8
come when the troll,0
screech the troll,0
shriek the troll,0
rush at the troll,0
deliver me from the troll,0
take by the troll,0
slash at the troll,0
hold out until the troll,0
watch the tunnel,0
enter the tunnel,8
leave the tunnel,8
dig the tunnel,0
get through the tunnel,6
close the tunnel,4
run out of the tunnel,5
return to the tunnel,3
get the tunnel,0
complete the tunnel,0
get out of the tunnel,8
walk out of the tunnel,8
remember the tunnel,0
pass the tunnel,0
use in the tunnel,0
include the tunnel,0
face the tunnel,0
approach the tunnel,0
finish the tunnel,0
fill the tunnel,0
answer the tunnel,0
extend the tunnel,0
find in the tunnel,0
lie the tunnel,0
cry the tunnel,0
crawl through the tunnel,2
take out of the tunnel,0
resume the tunnel,0
wreck the tunnel,0
curve the tunnel,0
secure the vampire,0
come of the vampire,0
deny to the vampire,0
get the vase,8
find the vase,0
take the vase,8
win the vase,0
put the vase,0
open the vase,0
leave the vase,0
replace the vase,0
break the vase,6
present the vase,0
cause the vase,0
finish the vase,0
fill the vase,6
examine the vase,8
tip the vase,2
prepare the vase,0
remain in the vase,0
kick the vase,0
empty the vase,0
lips the vase,0
dash the vase,0
uncover the vase,0
cork the vase,0
fetch the vase,0
fill up the vase,7
shatter the vase,0
give him the vase,0
bring me the vase,0
place them in the vase,0
save that the vase,0
stop the vent,0
place in the vent,0
look up the vent,0
convey through the vent,0
form with the vent,0
fix to the vent,0
locate in the vent,0
pour down the vent,0
empty through the vent,0
look at from the vent,0
replace then the vent,0
lower it to the vent,0
hit the wall,0
hang on the wall,0
beat the wall,0
hold the wall,0
destroy the wall,0
touch the wall,0
build the wall,0
climb the wall,8
watch the wall,0
face the wall,3
paint on the wall,0
look the wall,0
write on the wall,6
use the wall,0
support the wall,0
mount on the wall,0
cover the wall,0
make the wall,0
win the wall,0
walk on the wall,0
find the wall,0
take the wall,0
follow the wall,2
finish the wall,0
give the wall,0
show the wall,0
scale the wall,8
say the wall,0
save the wall,0
live on the wall,0
wave the wand,8
put the wand,0
hit the wand,0
care the wand,0
hold the wand,0
receive the wand,0
hand the wand,0
split the wand,0
take one the wand,0
clave the wand,0
move as the wand,0
make passes with the wand,0
whiz toward the wand,0
trace only by the wand,0
drink the water,8
walk on the water,3
get the water,8
hit the water,0
drain the water,5
keep the water,0
make the water,0
turn the water,0
play in the water,3
watch the water,0
find the water,0
ask the water,0
turn on the water,0
take the water,8
get on the water,0
live in the water,0
hear the water,0
enter the water,6
leave the water,6
walk in the water,0
fell in the water,0
touch the water,0
raise the water,0
float in the water,0
splash the water,2
put in the water,0
cause the water,0
pump the water,0
empty the water,6
fall in the water,0
bite the wax,0
remove the wax,3
melt the wax,5
make the wax,0
show the wax,0
break the wax,0
move the wax,0
cast the wax,0
show that the wax,0
observe the wax,0
coat the wax,0
scrap the wax,0
make of the wax,0
soften the wax,1
mould the wax,0
record on the wax,0
light by the wax,0
sear the wax,0
scribe through the wax,0
gaze in at the wax,0
find the web,0
keep the web,0
build the web,0
weave the web,0
cut the web,6
point to the web,0
examine the web,8
follow the web,0
strengthen the web,0
lie the web,0
run through the web,0
look like the web,0
asunder the web,0
introduce into the web,0
open the window,8
close the window,8
look out the window,8
near the window,0
get the window,0
keep the window,0
find the window,0
make the window,0
set the window,0
lock the window,8
put the window,0
glance out the window,2
watch the window,0
take the window,0
break the window,7
shut the window,8
look in the window,8
leave the window,0
fill the window,0
display in the window,0
hang out the window,0
hold the window,0
raise the window,7
drag the window,0
clear the window,0
cover the window,0
catch the window,0
lower the window,4
enter the window,8
place in the window,0
spill the wine,5
drink the wine,8
taste the wine,8
buy the wine,7
share the wine,7
pour the wine,7
pass the wine,5
bring the wine,0
sip the wine,6
make the wine,0
love the wine,0
forget the wine,0
get the wine,0
serve the wine,0
find the wine,0
turn the wine,0
open the wine,0
keep the wine,0
take the wine,0
get into the wine,0
call the wine,0
look at the wine,0
set the wine,0
add the wine,0
throw the wine,0
finish the wine,0
give the wine,0
want the wine,0
say the wine,0
protect the wine,0
read the witch,0
escape the witch,2
find the witch,0
kill the witch,8
meet the witch,2
make the witch,0
look at the witch,3
cry the witch,0
love the witch,0
put the witch,0
follow the witch,0
explain the witch,0
give the witch,0
leave the witch,0
say the witch,0
ask the witch,4
bring the witch,0
tell the witch,0
turn the witch,0
handle the witch,0
answer the witch,0
bear the witch,0
demand the witch,0
dream of the witch,0
hat the witch,0
prefer the witch,0
seek the witch,0
delay the witch,0
observe the witch,0
simon the witch,0
meet the woman,6
love the woman,3
get the woman,0
make the woman,0
find the woman,0
ask the woman,7
remember the woman,0
take the woman,0
marry the woman,3
give the woman,0
tell the woman,6
help the woman,7
describe the woman,0
call the woman,7
leave the woman,0
save the woman,7
say the woman,0
happen to the woman,0
believe the woman,0
want the woman,0
say to the woman,0
address the woman,6
please the woman,0
touch the woman,0
set the woman,0
chat with the woman,7
cause the woman,0
follow the woman,0
speak to the woman,7
bring the woman,0
watch the wood,0
cut the wood,7
put the wood,0
walk in the wood,0
finish the wood,0
bring the wood,0
keep the wood,0
burn the wood,8
make the wood,0
search the wood,0
lay the wood,0
find the wood,0
love the wood,0
find in the wood,0
take the wood,8
visit the wood,0
call the wood,0
work in the wood,0
chop the wood,7
round the wood,0
study the wood,0
view the wood,0
thick the wood,0
sell the wood,0
light the wood,6
cross the wood,0
split the wood,6
enter the wood,0
live in the wood,0
pass the wood,0
